Workbook

Sheet Rates & Settings
A1: Howick Pre-Primary School — Billing Settings
A2: Edit the blue cells to match your program. Every formula in this workbook reads from here.
A4: Setting | B4: Value | C4: Notes
A5: Hourly rate (R / hour) | B5: 45 | C5: Charged per child per hour of attendance.
A6: Daily minimum billed hours | B6: 1 | C6: Even a short stay is billed at least this many hours.
A7: Standard collection cutoff | B7: 0.72916667 | C7: Pickups after this time are flagged Late on the Daily Log.
A8: Late fee per 15 min block (R) | B8: 25 | C8: Charged for each 15-minute block (or part thereof) past the cutoff.
A9: Currency symbol | B9: R | C9: Used only as a label — number formats below are fixed to Rand-style grouping.
A11: Billing period
A12: Period start date | B12: 46237 | C12: First day of the invoicing period (inclusive).
A13: Period end date | B13: 46241 | C13: Last day of the invoicing period (inclusive).

Sheet Daily Log
A1: Daily Sign-In / Sign-Out Log
A2: One row per child per day. Add rows as new attendance is recorded — every formula below extends automatically when you fill a new row.
A4: Date | B4: Child Name | C4: Group | D4: Parent / Guardian | E4: Arrival Time | F4: Collection Time | G4: Duration (hrs) | H4: Billed Hours | I4: Late Pickup? | J4: Notes
A5: 46237 | B5: Amara Mokoena | C5: Ducklings | D5: T. Mokoena | E5: 0.54513889 | F5: 0.69444444 | G5: =(F5-E5)*24 | H5: =MAX(G5,'Rates & Settings'!$B$6) | I5: =IF(F5>'Rates & Settings'!$B$7,"Late","")
A6: 46237 | B6: Jonah van Wyk | C6: Foxes | D6: L. van Wyk | E6: 0.55 | F6: 0.74444444 | G6: =(F6-E6)*24 | H6: =MAX(G6,'Rates & Settings'!$B$6) | I6: =IF(F6>'Rates & Settings'!$B$7,"Late","")
A7: 46237 | B7: Thandi Nkosi | C7: Badgers | D7: S. Nkosi | E7: 0.55555556 | F7: 0.69930556 | G7: =(F7-E7)*24 | H7: =MAX(G7,'Rates & Settings'!$B$6) | I7: =IF(F7>'Rates & Settings'!$B$7,"Late","")
A8: 46237 | B8: Ruan Pretorius | C8: Ducklings | D8: M. Pretorius | E8: 0.56527778 | F8: 0.71180556 | G8: =(F8-E8)*24 | H8: =MAX(G8,'Rates & Settings'!$B$6) | I8: =IF(F8>'Rates & Settings'!$B$7,"Late","")
A9: 46237 | B9: Liam Botha | C9: Badgers | D9: K. Botha | E9: 0.57638889 | F9: 0.70694444 | G9: =(F9-E9)*24 | H9: =MAX(G9,'Rates & Settings'!$B$6) | I9: =IF(F9>'Rates & Settings'!$B$7,"Late","")
A10: 46238 | B10: Amara Mokoena | C10: Ducklings | D10: T. Mokoena | E10: 0.54722222 | F10: 0.71666667 | G10: =(F10-E10)*24 | H10: =MAX(G10,'Rates & Settings'!$B$6) | I10: =IF(F10>'Rates & Settings'!$B$7,"Late","")
A11: 46238 | B11: Zanele Dlamini | C11: Foxes | D11: P. Dlamini | E11: 0.57013889 | F11: 0.66527778 | G11: =(F11-E11)*24 | H11: =MAX(G11,'Rates & Settings'!$B$6) | I11: =IF(F11>'Rates & Settings'!$B$7,"Late","")
A12: 46238 | B12: Thandi Nkosi | C12: Badgers | D12: S. Nkosi | E12: 0.55694444 | F12: 0.73611111 | G12: =(F12-E12)*24 | H12: =MAX(G12,'Rates & Settings'!$B$6) | I12: =IF(F12>'Rates & Settings'!$B$7,"Late","")
A13: 46238 | B13: Naledi Mahlangu | C13: Ducklings | D13: B. Mahlangu | E13: 0.58472222 | F13: 0.6875 | G13: =(F13-E13)*24 | H13: =MAX(G13,'Rates & Settings'!$B$6) | I13: =IF(F13>'Rates & Settings'!$B$7,"Late","")
A14: 46239 | B14: Amara Mokoena | C14: Ducklings | D14: T. Mokoena | E14: 0.54375 | F14: 0.67708333 | G14: =(F14-E14)*24 | H14: =MAX(G14,'Rates & Settings'!$B$6) | I14: =IF(F14>'Rates & Settings'!$B$7,"Late","")
A15: 46239 | B15: Jonah van Wyk | C15: Foxes | D15: L. van Wyk | E15: 0.55208333 | F15: 0.70833333 | G15: =(F15-E15)*24 | H15: =MAX(G15,'Rates & Settings'!$B$6) | I15: =IF(F15>'Rates & Settings'!$B$7,"Late","")
A16: 46239 | B16: Ruan Pretorius | C16: Ducklings | D16: M. Pretorius | E16: 0.5625 | F16: 0.69791667 | G16: =(F16-E16)*24 | H16: =MAX(G16,'Rates & Settings'!$B$6) | I16: =IF(F16>'Rates & Settings'!$B$7,"Late","")
... A24: 46241 | B24: Liam Botha | C24: Badgers | D24: K. Botha | E24: 0.57777778 | F24: 0.68055556 | G24: =(F24-E24)*24 | H24: =MAX(G24,'Rates & Settings'!$B$6) | I24: =IF(F24>'Rates & Settings'!$B$7,"Late","")
G25: =IF(AND(E25<>"",F25<>""),(F25-E25)*24,"") | H25: =IF(G25="","",MAX(G25,'Rates & Settings'!$B$6)) | I25: =IF(F25="","",IF(F25>'Rates & Settings'!$B$7,"Late",""))
G26: =IF(AND(E26<>"",F26<>""),(F26-E26)*24,"") | H26: =IF(G26="","",MAX(G26,'Rates & Settings'!$B$6)) | I26: =IF(F26="","",IF(F26>'Rates & Settings'!$B$7,"Late",""))
G27: =IF(AND(E27<>"",F27<>""),(F27-E27)*24,"") | H27: =IF(G27="","",MAX(G27,'Rates & Settings'!$B$6)) | I27: =IF(F27="","",IF(F27>'Rates & Settings'!$B$7,"Late",""))
G28: =IF(AND(E28<>"",F28<>""),(F28-E28)*24,"") | H28: =IF(G28="","",MAX(G28,'Rates & Settings'!$B$6)) | I28: =IF(F28="","",IF(F28>'Rates & Settings'!$B$7,"Late",""))
G29: =IF(AND(E29<>"",F29<>""),(F29-E29)*24,"") | H29: =IF(G29="","",MAX(G29,'Rates & Settings'!$B$6)) | I29: =IF(F29="","",IF(F29>'Rates & Settings'!$B$7,"Late",""))
G30: =IF(AND(E30<>"",F30<>""),(F30-E30)*24,"") | H30: =IF(G30="","",MAX(G30,'Rates & Settings'!$B$6)) | I30: =IF(F30="","",IF(F30>'Rates & Settings'!$B$7,"Late",""))
G31: =IF(AND(E31<>"",F31<>""),(F31-E31)*24,"") | H31: =IF(G31="","",MAX(G31,'Rates & Settings'!$B$6)) | I31: =IF(F31="","",IF(F31>'Rates & Settings'!$B$7,"Late",""))
G32: =IF(AND(E32<>"",F32<>""),(F32-E32)*24,"") | H32: =IF(G32="","",MAX(G32,'Rates & Settings'!$B$6)) | I32: =IF(F32="","",IF(F32>'Rates & Settings'!$B$7,"Late",""))

Sheet Billing Summary
A1: Billing Summary
A2: Totals per child for the period set on Rates & Settings. Pulls automatically from Daily Log — add children to the list below as they join the roster.
A4: Child Name | B4: Parent / Guardian | C4: Group | D4: Days Attended | E4: Total Billed Hours | F4: Late Pickups | G4: Base Charge | H4: Late Fees | I4: Total Due
A5: Amara Mokoena | B5: T. Mokoena | C5: Ducklings | D5: =COUNTIFS('Daily Log'!$B$5:$B$32,A5,'Daily Log'!$A$5:$A$32,">="&'Rates & Settings'!$B$12,'Daily Log'!$A$5:$A$32,"<="&'Rates & Settings'!$B$13) | E5: =SUMIFS('Daily Log'!$H$5:$H$32,'Daily Log'!$B$5:$B$32,A5,'Daily Log'!$A$5:$A$32,">="&'Rates & Settings'!$B$12,'Daily Log'!$A$5:$A$32,"<="&'Rates & Settings'!$B$13) | F5: =COUNTIFS('Daily Log'!$B$5:$B$32,A5,'Daily Log'!$I$5:$I$32,"Late",'Daily Log'!$A$5:$A$32,">="&'Rates & Settings'!$B$12,'Daily Log'!$A$5:$A$32,"<="&'Rates & Settings'!$B$13) | G5: =E5*'Rates & Settings'!$B$5 | H5: =F5*4*'Rates & Settings'!$B$8 | I5: =G5+H5
A6: Jonah van Wyk | B6: L. van Wyk | C6: Foxes | D6: =COUNTIFS('Daily Log'!$B$5:$B$32,A6,'Daily Log'!$A$5:$A$32,">="&'Rates & Settings'!$B$12,'Daily Log'!$A$5:$A$32,"<="&'Rates & Settings'!$B$13) | E6: =SUMIFS('Daily Log'!$H$5:$H$32,'Daily Log'!$B$5:$B$32,A6,'Daily Log'!$A$5:$A$32,">="&'Rates & Settings'!$B$12,'Daily Log'!$A$5:$A$32,"<="&'Rates & Settings'!$B$13) | F6: =COUNTIFS('Daily Log'!$B$5:$B$32,A6,'Daily Log'!$I$5:$I$32,"Late",'Daily Log'!$A$5:$A$32,">="&'Rates & Settings'!$B$12,'Daily Log'!$A$5:$A$32,"<="&'Rates & Settings'!$B$13) | G6: =E6*'Rates & Settings'!$B$5 | H6: =F6*4*'Rates & Settings'!$B$8 | I6: =G6+H6
A7: Thandi Nkosi | B7: S. Nkosi | C7: Badgers | D7: =COUNTIFS('Daily Log'!$B$5:$B$32,A7,'Daily Log'!$A$5:$A$32,">="&'Rates & Settings'!$B$12,'Daily Log'!$A$5:$A$32,"<="&'Rates & Settings'!$B$13) | E7: =SUMIFS('Daily Log'!$H$5:$H$32,'Daily Log'!$B$5:$B$32,A7,'Daily Log'!$A$5:$A$32,">="&'Rates & Settings'!$B$12,'Daily Log'!$A$5:$A$32,"<="&'Rates & Settings'!$B$13) | F7: =COUNTIFS('Daily Log'!$B$5:$B$32,A7,'Daily Log'!$I$5:$I$32,"Late",'Daily Log'!$A$5:$A$32,">="&'Rates & Settings'!$B$12,'Daily Log'!$A$5:$A$32,"<="&'Rates & Settings'!$B$13) | G7: =E7*'Rates & Settings'!$B$5 | H7: =F7*4*'Rates & Settings'!$B$8 | I7: =G7+H7
A8: Ruan Pretorius | B8: M. Pretorius | C8: Ducklings | D8: =COUNTIFS('Daily Log'!$B$5:$B$32,A8,'Daily Log'!$A$5:$A$32,">="&'Rates & Settings'!$B$12,'Daily Log'!$A$5:$A$32,"<="&'Rates & Settings'!$B$13) | E8: =SUMIFS('Daily Log'!$H$5:$H$32,'Daily Log'!$B$5:$B$32,A8,'Daily Log'!$A$5:$A$32,">="&'Rates & Settings'!$B$12,'Daily Log'!$A$5:$A$32,"<="&'Rates & Settings'!$B$13) | F8: =COUNTIFS('Daily Log'!$B$5:$B$32,A8,'Daily Log'!$I$5:$I$32,"Late",'Daily Log'!$A$5:$A$32,">="&'Rates & Settings'!$B$12,'Daily Log'!$A$5:$A$32,"<="&'Rates & Settings'!$B$13) | G8: =E8*'Rates & Settings'!$B$5 | H8: =F8*4*'Rates & Settings'!$B$8 | I8: =G8+H8
A9: Zanele Dlamini | B9: P. Dlamini | C9: Foxes | D9: =COUNTIFS('Daily Log'!$B$5:$B$32,A9,'Daily Log'!$A$5:$A$32,">="&'Rates & Settings'!$B$12,'Daily Log'!$A$5:$A$32,"<="&'Rates & Settings'!$B$13) | E9: =SUMIFS('Daily Log'!$H$5:$H$32,'Daily Log'!$B$5:$B$32,A9,'Daily Log'!$A$5:$A$32,">="&'Rates & Settings'!$B$12,'Daily Log'!$A$5:$A$32,"<="&'Rates & Settings'!$B$13) | F9: =COUNTIFS('Daily Log'!$B$5:$B$32,A9,'Daily Log'!$I$5:$I$32,"Late",'Daily Log'!$A$5:$A$32,">="&'Rates & Settings'!$B$12,'Daily Log'!$A$5:$A$32,"<="&'Rates & Settings'!$B$13) | G9: =E9*'Rates & Settings'!$B$5 | H9: =F9*4*'Rates & Settings'!$B$8 | I9: =G9+H9
A10: Liam Botha | B10: K. Botha | C10: Badgers | D10: =COUNTIFS('Daily Log'!$B$5:$B$32,A10,'Daily Log'!$A$5:$A$32,">="&'Rates & Settings'!$B$12,'Daily Log'!$A$5:$A$32,"<="&'Rates & Settings'!$B$13) | E10: =SUMIFS('Daily Log'!$H$5:$H$32,'Daily Log'!$B$5:$B$32,A10,'Daily Log'!$A$5:$A$32,">="&'Rates & Settings'!$B$12,'Daily Log'!$A$5:$A$32,"<="&'Rates & Settings'!$B$13) | F10: =COUNTIFS('Daily Log'!$B$5:$B$32,A10,'Daily Log'!$I$5:$I$32,"Late",'Daily Log'!$A$5:$A$32,">="&'Rates & Settings'!$B$12,'Daily Log'!$A$5:$A$32,"<="&'Rates & Settings'!$B$13) | G10: =E10*'Rates & Settings'!$B$5 | H10: =F10*4*'Rates & Settings'!$B$8 | I10: =G10+H10
A11: Naledi Mahlangu | B11: B. Mahlangu | C11: Ducklings | D11: =COUNTIFS('Daily Log'!$B$5:$B$32,A11,'Daily Log'!$A$5:$A$32,">="&'Rates & Settings'!$B$12,'Daily Log'!$A$5:$A$32,"<="&'Rates & Settings'!$B$13) | E11: =SUMIFS('Daily Log'!$H$5:$H$32,'Daily Log'!$B$5:$B$32,A11,'Daily Log'!$A$5:$A$32,">="&'Rates & Settings'!$B$12,'Daily Log'!$A$5:$A$32,"<="&'Rates & Settings'!$B$13) | F11: =COUNTIFS('Daily Log'!$B$5:$B$32,A11,'Daily Log'!$I$5:$I$32,"Late",'Daily Log'!$A$5:$A$32,">="&'Rates & Settings'!$B$12,'Daily Log'!$A$5:$A$32,"<="&'Rates & Settings'!$B$13) | G11: =E11*'Rates & Settings'!$B$5 | H11: =F11*4*'Rates & Settings'!$B$8 | I11: =G11+H11
A12: Total | E12: =SUM(E5:E11) | G12: =SUM(G5:G11) | H12: =SUM(H5:H11) | I12: =SUM(I5:I11)
A14: Late fee = late pickups x 4 blocks x per-block fee (placeholder: assumes a flat 1-hour average lateness). Adjust column H's formula per child if you track exact minutes late.

Sheet Invoice
A1: Howick Pre-Primary School | F1: Invoice period | G1: ='Rates & Settings'!$B$12
A2: Aftercare Invoice | F2: to | G2: ='Rates & Settings'!$B$13
A4: Bill to child | B4: Amara Mokoena
A5: Parent / Guardian | B5: =INDEX('Billing Summary'!$B$5:$B$11,MATCH($B$4,'Billing Summary'!$A$5:$A$11,0))
A6: Group | B6: =INDEX('Billing Summary'!$C$5:$C$11,MATCH($B$4,'Billing Summary'!$A$5:$A$11,0))
A9: Description | B9: Qty | C9: Rate | D9: Amount
A10: Aftercare attendance (billed hours) | B10: =INDEX('Billing Summary'!$E$5:$E$11,MATCH($B$4,'Billing Summary'!$A$5:$A$11,0)) | C10: ='Rates & Settings'!$B$5 | D10: =B10*C10
A11: Late collection fee | B11: =INDEX('Billing Summary'!$F$5:$F$11,MATCH($B$4,'Billing Summary'!$A$5:$A$11,0)) | C11: =4*'Rates & Settings'!$B$8 | D11: =B11*C11
C13: Total due | D13: =D10+D11
A15: Change the child in B4 to any name listed on Billing Summary to generate their invoice. Values are pulled live — nothing here is retyped by hand.
